Transportas,Marsrutas,ReisoID,MasinosNumeris,Ilguma,Ilguma_new,Platuma,Platuma_new,Greitis,Azimutas,ReisoPradziaMinutemis,NuokrypisSekundemis,MatavimoLaikas,MasinosTipas,KryptiesTipas,KryptiesPavadinimas,ReisoIdGTFS
Autobusai,50,,954,25292440,25.29244,54719973,54.719973,0,84,,,44494,Z,D>B,Bajorai,
Troleibusai,12,,1614,25322557,25.322557,54708936,54.708936,0,26,,,43949,,D>A,Žirmūnai,
Autobusai,2G,,4162,25292906,25.292906,54720658,54.720658,0,264,,,43989,KWZD,A>D1,Autobusų parkas (Verkių g.),
Autobusai,53,,4019,25292418,25.292418,54720149,54.720149,0,116,,,44500,KZ,A>D,Autobusų parkas (Verkių g.),
Autobusai,29,,4652,25292374,25.292374,54720325,54.720325,0,78,,,44482,Z,A>D,Autobusų parkas (Verkių g.),
Autobusai,5G,,4590,25294796,25.294796,54719784,54.719784,0,264,,,44461,KZ,B1>D,Autobusų parkas (Verkių g.),
Autobusai,3G,,4567,25294445,25.294445,54719909,54.719909,0,344,,,44477,KWZD,A>B,Oro uostas,
Autobusai,54,22852792355,715,25217413,25.217413,54703258,54.703258,0,296,1435,0,44498,KZ,A>D,2-asis troleibusų parkas (Justiniškių g.),
Autobusai,2G,,775,25292949,25.292949,54720283,54.720283,0,90,,,44487,KZ,A>D1,Autobusų parkas (Verkių g.),
Autobusai,5G,,4587,25293161,25.293161,54721786,54.721786,0,176,,,43872,WNZD,B1>D,Autobusų parkas (Verkių g.),
Autobusai,122,22560341215,572,25418995,25.418995,54685814,54.685814,27,298,735,64,44499,KWNZ,B>A,Naujininkai,A122-01-1-240826-ba-1220
Autobusai,122,22560351135,570,25427373,25.427373,54681866,54.681866,19,222,695,0,44493,KWNZ,A>B,Naujoji Vilnia,A122-02-1-240826-ba-1240
Autobusai,122,22560361205,580,25331261,25.331261,54654357,54.654357,22,46,725,-35,44499,KWNZ,A>B,Naujoji Vilnia,A122-03-1-240826-ab-1210
Autobusai,122,22560371151,568,25349538,25.349538,54651546,54.651546,25,208,711,113,44498,KWNZ,B>A,Naujininkai,A122-04-1-240826-ba-1150
Troleibusai,9,22596191152,2760,25241348,25.241348,54699339,54.699339,35,276,712,26,44492,KWNZ,B>A,Karoliniškės,T9-01-1-240902-ba-1150
Troleibusai,9,22596201214,2711,25304270,25.30427,54718302,54.718302,19,148,734,142,44496,KZ,B>A,Karoliniškės,T9-04-1-240902-ba-1210
Troleibusai,9,22596211140,2696,25302929,25.302929,54719911,54.719911,0,332,700,140,44500,KZ,A>B,Žirmūnai,T9-06-1-240902-ab-1140
Troleibusai,9,22596261132,1727,25205920,25.20592,54684803,54.684803,16,342,692,86,44486,KWZ,B>A,Karoliniškės,T9-03-1-240902-ab-1220
Troleibusai,9,22596271200,2805,25274912,25.274912,54696197,54.696197,3,122,720,97,44498,KWNZ,A>B,Žirmūnai,T9-09-1-240902-ab-1200
Autobusai,1,22598131154,7002,25283063,25.283063,54670652,54.670652,0,222,714,0,44490,KWZ,B>A,Stotis,A1-02-1-240829-ab-1230
Autobusai,1,22598141152,7051,25276555,25.276555,54635754,54.635754,0,180,712,305,44493,KWZ,A>B,Rodūnios sodai,A1-01-1-240829-ba-1230
Autobusai,13,22604671159,7025,25282789,25.282789,54671862,54.671862,7,332,719,178,44498,KWZ,A>B,Vilkpėdė,A13-01-1-240902-ab-1200
Autobusai,13,22604681148,7017,25359183,25.359183,54679210,54.67921,0,224,708,0,44486,KWZ,B>A,Žemasis Pavilnys,A13-02-1-240902-ab-1220
Autobusai,13,22604691215,7078,25267012,25.267012,54669622,54.669622,8,22,735,24,44498,KWZ,B>A,Žemasis Pavilnys,A13-03-1-240902-ba-1220
Autobusai,38,22604991150,7001,25321248,25.321248,54724249,54.724249,3,240,710,148,44498,KWZ,B1>A1,Antakalnis,A38-02-1-240902-b1a1-1150
Autobusai,41,22605021213,7040,25277530,25.27753,54672843,54.672843,0,266,733,194,44487,KWZ,A>B,Užusienis,A41-01-1-240902-ab-1210
Autobusai,31,22613671218,4161,25286701,25.286701,54674130,54.67413,0,90,738,17,44497,KWZD,A>B,Naujoji Vilnia,A31-01-1-240902-ab-1220
Autobusai,31,22613681154,4190,25398060,25.39806,54677788,54.677788,22,86,714,103,44497,KWNZD,A>B,Naujoji Vilnia,A31-03-1-240902-ab-1150
Autobusai,31,22613701130,4170,25440512,25.440512,54695332,54.695332,0,302,690,22,44497,KWZD,A>B,Naujoji Vilnia,A31-05-1-240902-ba-1220
Autobusai,31,22613721159,4165,25346292,25.346292,54665053,54.665053,10,256,719,-42,44500,KWZD,B>A,Stotis,A31-06-1-240902-ba-1200
Autobusai,75,22768901210,3106,25211708,25.211708,54699614,54.699614,0,104,730,36,44491,KWZ,B>A,Santariškės,A75-05-1-240926-ba-1210
Autobusai,75,22768910611,799,25214487,25.214487,54704187,54.704187,0,188,371,,42877,KZ,D>B,Pilaitė,A75-06-1-240926-db-0610
Autobusai,75,22768921143,787,25254600,25.2546,54729017,54.729017,39,6,703,26,44499,KZ,B>A,Santariškės,A75-01-1-240926-ba-1140
Autobusai,75,22768931130,762,25175789,25.175789,54707364,54.707364,10,262,690,74,44493,Z,A>B,Pilaitė,A75-03-1-240926-ab-1130
Autobusai,75,22768951206,708,25254507,25.254507,54728912,54.728912,33,188,726,33,44495,KZ,A>B,Pilaitė,A75-04-1-240926-ab-1210
Autobusai,11,22796681210,7045,25276399,25.276399,54684895,54.684895,5,136,730,48,44492,KWZ,A>B,Užupis,A11-02-1-241004-ab-1210
Autobusai,11,22796691205,7074,25265070,25.26507,54688047,54.688047,10,284,725,-46,44493,Z,B>A,Žvėrynas,A11-01-1-241004-ba-1210
Autobusai,116,22796711220,7013,25243302,25.243302,54699392,54.699392,22,292,740,69,44499,KWZ,A>B,Ungurių g.,A116-01-1-241004-ab-1220
Autobusai,116,22796721148,7023,25207807,25.207807,54655060,54.65506,40,176,708,0,44495,KWZ,A>B,Ungurių g.,A116-02-1-241004-ba-1230
Autobusai,54,22852781135,3107,25269888,25.269888,54671874,54.671874,17,72,695,14,44499,KWZ,A>B,Stotis,A54-01-1-241012-ab-1140
Autobusai,54,22852811149,3115,25215010,25.21501,54691061,54.691061,0,42,709,-30,44499,KWZ,B>A,Pilaitė,A54-04-1-241012-ba-1150
Autobusai,54,22852820639,3101,25214456,25.214456,54703946,54.703946,0,358,399,,44115,KWZ,D>A,Pilaitė,A54-05-1-241012-da-0640
Autobusai,54,22852831222,792,25173277,25.173277,54703327,54.703327,4,82,742,-62,44497,KZ,A>B,Stotis,A54-06-1-241012-ab-1220
Troleibusai,4,22853421138,1703,25218464,25.218464,54651095,54.651095,46,226,698,-15,44499,KZ,A>B,Žemieji Paneriai,T4-04-1-241012-ab-1140
Troleibusai,4,22853441153,1820,25264693,25.264693,54681610,54.68161,0,192,713,-35,44494,KWNZ,A>B,Žemieji Paneriai,T4-06-1-241012-ab-1150
Troleibusai,4,22853461208,1710,25308032,25.308032,54696208,54.696208,0,208,728,55,44498,Z,A>B,Žemieji Paneriai,T4-07-1-241012-ab-1210
Troleibusai,4,22853471137,1830,25316457,25.316457,54716369,54.716369,21,2,697,-5,44500,KWNZ,B>A,Antakalnis,T4-03-1-241012-ba-1140
Troleibusai,4,22853481221,1745,25202289,25.202289,54643213,54.643213,18,124,741,14,44495,KWNZ,B>A,Antakalnis,T4-01-1-241012-ba-1220
Troleibusai,4,22853501221,1704,25318062,25.318062,54723575,54.723575,20,332,741,10,44499,KZ,A>B,Žemieji Paneriai,T4-09-1-241012-ab-1220
Troleibusai,4,22853521149,1698,25282732,25.282732,54690529,54.690529,34,116,709,154,44498,KZ,B>A,Antakalnis,T4-11-1-241012-ba-1150
Troleibusai,4,22853541200,1682,25262207,25.262207,54680537,54.680537,27,68,720,108,44491,KZ,B>A,Antakalnis,T4-13-1-241012-ba-1200
Troleibusai,4,22853581210,1721,25239225,25.239225,54668200,54.6682,18,52,730,-13,44499,KWZ,B>A,Antakalnis,T4-17-1-241012-ba-1210
Troleibusai,18,22854691132,2752,25219009,25.219009,54734771,54.734771,0,130,692,0,44496,KWNZ,B>A,Pašilaičiai,T18-02-1-241012-ab-1230
Troleibusai,18,22854711201,2808,25213290,25.21329,54679241,54.679241,0,306,721,1,44496,KWNZ,B>A,Pašilaičiai,T18-05-1-241012-ba-1200
Troleibusai,18,22854721210,2788,25221777,25.221777,54703482,54.703482,33,96,730,27,44497,KWNZ,A>B,Titnago g.,T18-01-1-241012-ab-1210
Troleibusai,18,22854731146,2798,25222847,25.222847,54720646,54.720646,0,0,706,-142,44500,KWNZ,B>A,Pašilaičiai,T18-03-1-241012-ba-1150
Troleibusai,18,22854761215,2779,25210307,25.210307,54646271,54.646271,21,48,735,5,44491,KWNZ,B>A,Pašilaičiai,T18-08-1-241012-ba-1220
Troleibusai,18,22854771157,2750,25220732,25.220732,54676977,54.676977,39,138,717,79,44497,KWZ,A>B,Titnago g.,T18-12-1-241012-ab-1200
Troleibusai,18,22854781144,2796,25202140,25.20214,54644023,54.644023,14,258,704,87,44498,KWNZ,A>B,Titnago g.,T18-10-1-241012-ab-1140
Troleibusai,19,22854881210,2780,25223826,25.223826,54702610,54.70261,11,204,730,8,44499,KWNZ,A>B,Saulėtekis,T19-02-1-241012-ab-1210
Troleibusai,19,22854891205,2781,25308668,25.308668,54697821,54.697821,50,184,725,65,44492,KWNZ,B>A,Pašilaičiai,T19-04-1-241012-ba-1210
Troleibusai,19,22854901152,2783,25259771,25.259771,54698796,54.698796,3,284,712,-89,44498,KWNZ,B>A,Pašilaičiai,T19-03-1-241012-ba-1150
Troleibusai,19,22854911144,2792,25308660,25.30866,54696782,54.696782,0,14,704,133,44494,KWNZ,A>B,Saulėtekis,T19-01-1-241012-ab-1140
Troleibusai,19,22854921157,2790,25273657,25.273657,54696530,54.69653,26,122,717,68,44496,KWNZ,A>B,Saulėtekis,T19-05-1-241012-ab-1200
Troleibusai,19,22854931126,2713,25234327,25.234327,54728294,54.728294,0,212,686,0,44494,KZ,B>A,Pašilaičiai,T19-08-1-241012-ab-1230
Troleibusai,19,22854941219,1740,25335099,25.335099,54724033,54.724033,35,278,739,126,44497,KWNZ,B>A,Pašilaičiai,T19-06-1-241012-ba-1220
Troleibusai,19,22854951132,2782,25340840,25.34084,54724935,54.724935,12,198,692,0,44499,KWNZ,A>B,Saulėtekis,T19-07-1-241012-ba-1230
Troleibusai,19,22854971139,2793,25226751,25.226751,54706833,54.706833,0,8,699,113,44500,KWNZ,B>A,Pašilaičiai,T19-10-1-241012-ba-1140
Autobusai,15,22861271205,7014,25328815,25.328815,54729789,54.729789,16,124,725,97,44497,KWZ,B>A,Žolyno g.,A15-01-1-241012-ba-1210
Autobusai,15,22861281210,7008,25329442,25.329442,54728976,54.728976,25,42,730,52,44491,KWZ,A>B,Turniškės,A15-02-1-241012-ab-1210
Autobusai,62,22861361133,7049,25213704,25.213704,54678000,54.678,0,264,693,0,44496,KWZ,A>B,Lazdynai,A62-01-1-241012-ba-1230
Autobusai,62,22861371139,7053,25209175,25.209175,54645676,54.645676,37,48,699,0,44497,KWZ,B>A,Žemieji Paneriai,A62-02-1-241012-ab-1240
Autobusai,5G,22861871206,4578,25295601,25.295601,54717503,54.717503,14,242,726,122,44496,KWNZD,B>A,Pašilaičiai,A5G-01-1-241012-ba-1210
Autobusai,5G,22861881218,4561,25326525,25.326525,54726811,54.726811,8,306,738,8,44497,KWZD,B>A,Pašilaičiai,A5G-11-1-241012-ba-1220
Autobusai,5G,22861901142,4580,25219493,25.219493,54735077,54.735077,0,262,702,0,44499,KWNZD,B>A,Pašilaičiai,A5G-07-1-241012-ab-1220
Autobusai,5G,22861911143,4576,25340922,25.340922,54724760,54.72476,0,190,703,0,44491,KWNZD,A>B,Saulėtekis,A5G-03-1-241012-ba-1230
Autobusai,5G,22861921211,4595,25236321,25.236321,54714175,54.714175,31,130,731,15,44499,KZ,A>B,Saulėtekis,A5G-05-1-241012-ab-1210
Autobusai,5G,22861931155,4600,25226761,25.226761,54716702,54.716702,31,272,715,-150,44495,KWNZD,B>A,Pašilaičiai,A5G-09-1-241012-ba-1200
Autobusai,5G,22861951052,772,25292391,25.292391,54720250,54.72025,0,104,652,0,44496,KZ,B1>D,Autobusų parkas (Verkių g.),A5G-06-1-241012-db-1610
Autobusai,5G,22861971113,4018,25292869,25.292869,54721014,54.721014,0,84,673,0,44497,Z,B1>D,Autobusų parkas (Verkių g.),A5G-10-1-241012-db-1630
Autobusai,5G,22861981156,4583,25291501,25.291501,54716102,54.716102,5,62,716,208,44489,KWNZD,A>B,Saulėtekis,A5G-12-1-241012-ab-1200
Autobusai,18,22862321145,3036,25411158,25.411158,54688812,54.688812,5,178,705,-29,44496,KZ,A>B,Parko g.,A18-04-1-241012-ab-1150
Autobusai,18,22862331211,4127,25348045,25.348045,54728049,54.728049,18,44,731,55,44497,KWZ,A>B,Parko g.,A18-01-1-241012-ab-1210
Autobusai,18,22862341150,955,25362786,25.362786,54732006,54.732006,73,250,710,30,44499,Z,B>A,Antakalnis,A18-03-1-241012-ba-1150
Autobusai,18,22862351217,4129,25414234,25.414234,54687951,54.687951,0,284,737,103,44498,KWZ,B>A,Antakalnis,A18-05-1-241012-ba-1220
Autobusai,35,22862401211,932,25281106,25.281106,54724724,54.724724,0,342,731,48,44488,Z,A>B,Ožkiniai,A35-02-1-241012-ab-1210
Autobusai,35,22862420933,934,25294140,25.29414,54721011,54.721011,0,76,573,0,44473,Z,A>D,Autobusų parkas (Verkių g.),A35-03-1-241012-da-1430
Autobusai,74,22862630458,4182,25293643,25.293643,54720397,54.720397,0,188,298,,44482,KWNZD,D>A,Stotis,A74-01-1-241012-da-0500
Autobusai,74,22862631205,4654,25338320,25.33832,54689759,54.689759,46,72,725,112,44497,Z,A>B,Parko g.,A74-01-1-241012-ab-1210
Autobusai,74,22862641219,743,25417423,25.417423,54686400,54.6864,34,318,739,12,44494,KZ,B>A,Stotis,A74-03-1-241012-ba-1220
Autobusai,74,22862671156,4638,25289633,25.289633,54673534,54.673534,0,164,716,74,44496,Z,B>A,Stotis,A74-05-1-241012-ab-1230
Autobusai,14,22884311200,7030,25414967,25.414967,54677301,54.677301,34,8,720,73,44488,KWZ,A>B,Arimų g.,A14-03-1-241015-ab-1200
Autobusai,14,22884331136,7035,25370720,25.37072,54599572,54.599572,55,218,696,115,44496,KWZ,B>A,Rudamina,A14-01-1-241015-ba-1140
Autobusai,14,22884341203,7020,25432724,25.432724,54689445,54.689445,0,210,723,14,44500,KWZ,B>A,Rudamina,A14-04-1-241015-ba-1200
Autobusai,14,22884351132,7010,25431519,25.431519,54702403,54.702403,0,334,692,0,44487,KWZ,A>B,Arimų g.,A14-05-1-241015-ba-1230
Autobusai,20,23040401220,7016,25202901,25.202901,54643316,54.643316,57,238,740,65,44497,KWZ,A>B,Lazdynai,A20-01-1-241118-ab-1220
Autobusai,20,23040411156,7004,25153945,25.153945,54662069,54.662069,44,270,716,-141,44495,KWZ,A1>B1,Lazdynai,A20-02-1-241118-a1b1-1200
Autobusai,20,23040441157,7050,25159207,25.159207,54659675,54.659675,0,250,717,296,44492,KWZ,B1>A1,Žemieji Paneriai,A20-05-1-241118-b1a1-1200
Autobusai,20,23040451221,7068,25210417,25.210417,54677289,54.677289,30,246,741,18,44499,KWNZ,B>A,Žemieji Paneriai,A20-06-1-241118-ba-1220
Autobusai,51,23081631159,7006,25108760,25.10876,54626998,54.626998,23,154,719,7,44496,KWZ,B>A,Žemieji Paneriai,A51-01-1-241118-ba-1200
Autobusai,51,23081641135,7061,25198156,25.198156,54577149,54.577149,0,236,695,73,44489,KWZ,A>B,Pagiriai,A51-02-1-241118-ba-1220
Autobusai,51,23081651216,7011,25177765,25.177765,54638613,54.638613,36,228,736,137,44498,KWZ,A>B,Pagiriai,A51-03-1-241118-ab-1220
Autobusai,51,23081661220,7070,25066272,25.066272,54625949,54.625949,41,262,740,74,44491,KWNZ,B1>A1,Žemieji Paneriai,A51-04-1-241118-b1a1-1220
Autobusai,114,23096391216,7054,25303615,25.303615,54719284,54.719284,4,336,736,18,44497,KWZ,A>B,Vinciūniškės,A114-01-1-241119-ab-1220
Autobusai,114,23096401208,7007,25373617,25.373617,54720641,54.720641,25,274,728,23,44498,KWZ,B>A,Šiaurės miestelis,A114-02-1-241119-ba-1210
Autobusai,114,23096431146,7058,25302571,25.302571,54720084,54.720084,22,146,706,78,44496,KWZ,B>A,Šiaurės miestelis,A114-06-1-241119-ba-1150
Autobusai,114,23096441151,7037,25390003,25.390003,54734623,54.734623,45,80,711,-33,44496,KWZ,A>B,Vinciūniškės,A114-03-1-241119-ab-1150
Autobusai,88,23150111203,7066,25285629,25.285629,54674116,54.674116,0,260,723,157,44490,KWZ,A>B,Europos aikštė,A88-01-1-241129-ab-1200
Autobusai,88,23150121209,7009,25277252,25.277252,54682634,54.682634,28,184,729,81,44499,KWZ,B>A,Oro uostas,A88-02-1-241129-ba-1210
Autobusai,19,23157881151,952,25251918,25.251918,54614251,54.614251,0,308,711,0,44497,Z,A>B,Salininkai,A19-03-1-241202-ba-1230
Autobusai,19,23157891149,4112,25285564,25.285564,54671223,54.671223,0,242,709,0,44499,KWZ,B>A,Stotis,A19-01-1-241202-ab-1230
Autobusai,36,23157911156,963,25308133,25.308133,54762126,54.762126,40,66,716,268,44494,Z,A>B,Pagubė,A36-03-1-241202-ab-1200
Autobusai,36,23157921134,4131,25312954,25.312954,54808065,54.808065,0,132,694,0,44498,KWZ,A>B,Pagubė,A36-02-1-241202-ba-1220
Autobusai,36,23157931144,4107,25286686,25.286686,54714389,54.714389,0,182,704,93,44499,KWZ,B>A,Žalgirio g.,A36-01-1-241202-ba-1140
Autobusai,36,23157941217,4645,25286879,25.286879,54712942,54.712942,0,24,737,39,44497,Z,A>B,Pagubė,A36-04-1-241202-ab-1220
Autobusai,36,23157951202,4101,25307217,25.307217,54761821,54.761821,18,220,722,74,44498,KWZ,B>A,Žalgirio g.,A36-05-1-241202-ba-1200
Autobusai,42,23158021201,4160,25273107,25.273107,54665208,54.665208,24,356,721,25,44498,KWZD,B>A,Stotis,A42-01-1-241202-ba-1200
Autobusai,42,23158031205,4175,25265782,25.265782,54646669,54.646669,45,208,725,127,44499,KWZD,A>B,Salininkai,A42-03-1-241202-ab-1210
Autobusai,78,23158281158,4178,25269621,25.269621,54650736,54.650736,3,36,718,86,44500,KWNZD,B>A,Stotis,A78-02-1-241202-ba-1200
Autobusai,78,23158291144,4180,25198360,25.19836,54577198,54.577198,0,248,704,0,44496,KWNZ,A>B,Pagiriai,A78-01-1-241202-ba-1230
Autobusai,78,23158301214,4185,25277265,25.277265,54672721,54.672721,0,264,734,228,44493,KWNZD,A>B,Pagiriai,A78-03-1-241202-ab-1210
Autobusai,82,23158351154,4103,25285782,25.285782,54671304,54.671304,0,244,714,0,44500,KWZ,B>A,Stotis,A82-01-1-241202-ab-1240
Autobusai,82,23158361201,4125,25274593,25.274593,54609442,54.609442,8,188,721,-58,44498,KWZ,A1>B1,Juodšiliai,A82-02-1-241202-a1b1-1200
Autobusai,29,23159291159,4594,25214978,25.214978,54670947,54.670947,0,78,719,8,44499,KWNZD,B>A,Vilkpėdė,A29-01-1-241202-ba-1200
Autobusai,29,23159301151,4592,25096448,25.096448,54669531,54.669531,22,296,711,60,44497,KWNZD,A>B,Grigiškės,A29-03-1-241202-ab-1150
Autobusai,29,23159311221,774,25246825,25.246825,54665442,54.665442,7,86,741,-18,44497,KZ,A>B,Grigiškės,A29-04-1-241202-ab-1220
Autobusai,46,23159331208,4577,25240329,25.240329,54709332,54.709332,20,360,728,87,44499,KWNZD,B>A,Pašilaičiai,A46-01-1-241202-ba-1210
Autobusai,46,23159341206,4602,25240097,25.240097,54709790,54.70979,22,176,726,30,44498,KWNZD,A>B,Centras,A46-03-1-241202-ab-1210
Autobusai,46,23159381150,4574,25234988,25.234988,54730403,54.730403,0,296,710,568,44495,KWZD,B>A,Pašilaičiai,A46-06-1-241202-ba-1150
Autobusai,48,23159401156,965,25252446,25.252446,54734277,54.734277,20,130,716,96,44491,Z,A>B,Santariškės,A48-01-1-241202-ab-1200
Autobusai,48,23159411153,4032,25249629,25.249629,54710230,54.71023,34,86,713,-69,44498,KZ,B>A,Šeškinė,A48-02-1-241202-ba-1150
Autobusai,32,23159611149,780,25219329,25.219329,54735135,54.735135,0,258,709,0,44498,KZ,A>B,Pašilaičiai,A32-01-1-241202-ba-1220
Autobusai,32,23159621152,3121,25245597,25.245597,54698435,54.698435,0,114,712,0,44494,KWZ,B>A,Žvėrynas,A32-03-1-241202-ab-1230
Autobusai,73,23159771145,793,25222480,25.22248,54718396,54.718396,34,18,705,271,44500,KZ,B>A,Justiniškės,A73-01-1-241202-ba-1150
Autobusai,73,23159781157,3117,25270413,25.270413,54692944,54.692944,0,138,717,43,44499,KWZ,A>B,Vilkpėdė,A73-02-1-241202-ab-1200
Autobusai,73,23159791212,721,25266845,25.266845,54679317,54.679317,28,342,732,-52,44496,KZ,B>A,Justiniškės,A73-03-1-241202-ba-1210
Troleibusai,2,23159861154,1744,25280820,25.28082,54690763,54.690763,0,274,714,188,44489,KWNZ,A>B,Stotis,T2-04-1-241202-ab-1150
Troleibusai,2,23159871201,1707,25295380,25.29538,54689661,54.689661,40,240,721,49,44490,KZ,A>B,Stotis,T2-06-1-241202-ab-1200
Troleibusai,2,23159881150,1736,25325627,25.325627,54726409,54.726409,0,46,710,-58,44496,KWNZ,B>A,Saulėtekis,T2-01-1-241202-ba-1150
Troleibusai,2,23159891221,1815,25334109,25.334109,54724145,54.724145,7,288,741,-38,44497,KWNZ,A>B,Stotis,T2-10-1-241202-ab-1220
Troleibusai,2,23159901209,1701,25279499,25.279499,54687033,54.687033,8,104,729,76,44498,KZ,B>A,Saulėtekis,T2-03-1-241202-ba-1210
Troleibusai,2,23159911156,1705,25308625,25.308625,54697125,54.697125,20,358,716,268,44499,KZ,B>A,Saulėtekis,T2-12-1-241202-ba-1200
Troleibusai,2,23159921208,1823,25311179,25.311179,54706034,54.706034,21,212,728,43,44490,KWNZ,A>B,Stotis,T2-08-1-241202-ab-1210
Troleibusai,2,23159931138,1841,25340527,25.340527,54724538,54.724538,0,192,698,0,44492,KWNZ,B>A,Saulėtekis,T2-11-1-241202-ab-1230
Troleibusai,2,23159961214,1709,25317238,25.317238,54719576,54.719576,6,192,734,24,44497,KZ,A>B,Stotis,T2-07-1-241202-ab-1210
Troleibusai,2,23159991216,1723,25279319,25.279319,54678305,54.678305,27,328,736,-27,44495,KWZ,B>A,Saulėtekis,T2-16-1-241202-ba-1220
Troleibusai,2,23160001146,1700,25283588,25.283588,54673580,54.67358,21,184,706,18,44499,KZ,A>B,Stotis,T2-17-1-241202-ba-1220
Troleibusai,2,23160011144,1737,25338579,25.338579,54723840,54.72384,28,92,704,0,44499,KWNZ,B>A,Saulėtekis,T2-14-1-241202-ab-1230
Troleibusai,2,23160021202,1676,25289128,25.289128,54688253,54.688253,0,78,722,200,44496,Z,B>A,Saulėtekis,T2-13-1-241202-ba-1200
Troleibusai,12,23160571137,1729,25239351,25.239351,54669676,54.669676,0,282,697,191,44498,KWNZ,A>B,Žemieji Paneriai,T12-01-1-241202-ab-1140
Troleibusai,12,23160581216,1732,25218907,25.218907,54651025,54.651025,31,46,736,31,44498,KWNZ,B>A,Žirmūnai,T12-02-1-241202-ba-1220
Troleibusai,12,23160590528,1821,25323456,25.323456,54709385,54.709385,0,298,328,,44491,KWNZ,D>A,Žirmūnai,T12-06-1-241202-da-0530
Troleibusai,12,23160591128,1850,25299901,25.299901,54722334,54.722334,0,300,688,103,44497,KWNZ,B>A,Žirmūnai,T12-06-1-241202-ba-1130
Troleibusai,12,23160621204,1677,25285181,25.285181,54694398,54.694398,0,266,724,-22,44497,KZ,A>B,Žemieji Paneriai,T12-04-1-241202-ab-1200
Troleibusai,12,23160631144,1743,25297373,25.297373,54695560,54.69556,16,88,704,-60,44496,KWNZ,B>A,Žirmūnai,T12-07-1-241202-ba-1140
Troleibusai,12,23160641200,1742,25269166,25.269166,54681805,54.681805,0,108,720,-38,44494,KWNZ,B>A,Žirmūnai,T12-08-1-241202-ba-1200
Troleibusai,16,23160751626,2755,25215378,25.215378,54703033,54.703033,0,100,986,0,44497,KWNZ,D>B,Stotis,T16-13-1-241202-db-1630
Troleibusai,16,23160761132,2800,25234280,25.23428,54728169,54.728169,0,152,692,0,44492,KWNZ,B>A,Pašilaičiai,T16-01-1-241202-ab-1230
Troleibusai,16,23160771218,2716,25232228,25.232228,54719276,54.719276,18,202,738,0,44498,KZ,A>B,Stotis,T16-03-1-241202-ab-1220
Troleibusai,16,23160791146,2787,25225254,25.225254,54703956,54.703956,23,24,706,180,44498,KWNZ,B>A,Pašilaičiai,T16-06-1-241202-ba-1150
Troleibusai,16,23160801202,2795,25212175,25.212175,54679425,54.679425,35,124,722,-32,44495,KWNZ,A>B,Stotis,T16-11-1-241202-ab-1200
Troleibusai,16,23160811148,2715,25258371,25.258371,54670626,54.670626,0,146,708,25,44497,KZ,A>B,Stotis,T16-09-1-241202-ab-1150
Troleibusai,16,23160821217,2691,25283685,25.283685,54671014,54.671014,11,302,737,173,44499,KZ,B>A,Pašilaičiai,T16-08-1-241202-ba-1220
Troleibusai,16,23160831201,2689,25241829,25.241829,54670721,54.670721,4,230,721,234,44498,KZ,B>A,Pašilaičiai,T16-04-1-241202-ba-1200
Troleibusai,17,23160881157,1730,25302414,25.302414,54699467,54.699467,42,26,717,0,44497,KWNZ,B>A,Žirmūnai,T17-14-1-241202-ba-1200
Troleibusai,17,23160891217,1814,25302069,25.302069,54720582,54.720582,0,154,737,38,44499,KWNZ,A>B,Naujininkai,T17-15-1-241202-ab-1220
Troleibusai,17,23160911205,1838,25280813,25.280813,54690700,54.6907,19,100,725,76,44499,KWNZ,B>A,Žirmūnai,T17-01-1-241202-ba-1210
Troleibusai,17,23160921208,1734,25299579,25.299579,54696816,54.696816,0,230,728,1,44499,KWNZ,A>B,Naujininkai,T17-09-1-241202-ab-1210
Troleibusai,17,23160941147,1702,25265537,25.265537,54681020,54.68102,19,164,707,143,44499,KZ,A>B,Naujininkai,T17-06-1-241202-ab-1150
Troleibusai,17,23160951137,1825,25295325,25.295325,54726803,54.726803,0,100,697,0,44497,KWNZ,B>A,Žirmūnai,T17-11-1-241202-ab-1230
Troleibusai,17,23160961138,1818,25269623,25.269623,54671123,54.671123,18,164,698,401,44499,KWNZ,A>B,Naujininkai,T17-04-1-241202-ab-1140
Troleibusai,17,23160981147,1678,25303512,25.303512,54719323,54.719323,2,332,707,67,44492,KZ,B>A,Žirmūnai,T17-12-1-241202-ba-1150
Troleibusai,17,23160991213,1812,25265097,25.265097,54682181,54.682181,2,314,733,54,44495,KWNZ,B>A,Žirmūnai,T17-03-1-241202-ba-1210
Troleibusai,17,23161001158,1674,25280366,25.280366,54690841,54.690841,0,276,718,59,44495,KZ,A>B,Naujininkai,T17-08-1-241202-ab-1200
Troleibusai,20,23161031200,1726,25280527,25.280527,54690778,54.690778,0,274,720,-72,44494,KWZ,A>B,Stotis,T20-01-1-241202-ab-1200
Troleibusai,20,23161040538,1722,25322611,25.322611,54709022,54.709022,0,8,338,,44474,KWZ,D>A,Žirmūnai,T20-02-1-241202-da-0540
Troleibusai,20,23161041220,1635,25298050,25.29805,54724088,54.724088,31,180,740,36,44499,,A>B,Stotis,T20-02-1-241202-ab-1220
Troleibusai,20,23161051151,1741,25303108,25.303108,54719690,54.71969,0,328,711,43,44498,KZ,B>A,Žirmūnai,T20-03-1-241202-ba-1150
Troleibusai,20,23161061214,1816,25278467,25.278467,54679919,54.679919,24,350,734,55,44499,KWNZ,B>A,Žirmūnai,T20-04-1-241202-ba-1210
Troleibusai,21,23161081217,1733,25303822,25.303822,54718805,54.718805,20,162,737,-22,44496,KWNZ,B>A,Antakalnis,T21-01-1-241202-ba-1220
Autobusai,3,23167941153,4031,25266744,25.266744,54647521,54.647521,44,24,713,38,44499,KZ,B>A,Stotis,A3-01-1-241202-ba-1150
Autobusai,3,23167961142,948,25221538,25.221538,54612220,54.61222,40,282,702,287,44497,Z,A>B,Vaidotai,A3-03-1-241202-ab-1140
Autobusai,67,23168221209,935,25426029,25.426029,54695579,54.695579,40,268,729,-27,44499,Z,B>A,Parko g.,A67-01-1-241202-ba-1210
Autobusai,115,23168241203,3038,25363179,25.363179,54703616,54.703616,14,50,723,13,44498,KZ,A>B,Linksmoji g.,A115-01-1-241202-ab-1200
Autobusai,115,23168251226,4513,25318454,25.318454,54722432,54.722432,0,158,746,0,44494,KWZ,A>B,Linksmoji g.,A115-02-1-241202-ab-1230
Autobusai,115,23168271203,983,25393032,25.393032,54706509,54.706509,32,358,723,89,44497,Z,B>A,Antakalnis,A115-04-1-241202-ba-1200
Autobusai,115,23168281135,751,25417371,25.417371,54680069,54.680069,0,268,695,0,44490,KZ,A>B,Linksmoji g.,A115-05-1-241202-ba-1230
Autobusai,118,23168351221,581,25218883,25.218883,54734976,54.734976,5,168,741,62,44497,KWNZ,B>A,Pilaitė,A118-01-1-241202-ba-1220
Autobusai,118,23168361200,571,25175586,25.175586,54707388,54.707388,0,272,720,-34,44492,KWNZ,B>A,Pilaitė,A118-02-1-241202-ba-1200
Autobusai,118,23168371215,567,25182024,25.182024,54709916,54.709916,0,2,735,21,44496,KWNZ,A>B,Pašilaičiai,A118-03-1-241202-ab-1220
Autobusai,121,23168451219,557,25295869,25.295869,54797999,54.797999,23,200,739,74,44498,KWNZ,B>A,Santariškės,A121-01-1-241202-ba-1220
Autobusai,121,23168461154,563,25281087,25.281087,54755984,54.755984,0,44,714,0,44498,KWNZ,B>A,Santariškės,A121-02-1-241202-ab-1220
Autobusai,7,23418691141,8006,25200652,25.200652,54674473,54.674473,33,138,701,56,44498,KWZ,A>B,Lazdynai,A7-01-1-250120-ab-1140
Autobusai,7,23418711226,8041,25302008,25.302008,54710883,54.710883,0,136,746,0,44495,KWZ,A>B,Lazdynai,A7-03-1-250120-ab-1230
Autobusai,7,23418721216,8037,25207767,25.207767,54685408,54.685408,28,4,736,16,44495,KWZ,B>A,Šiaurės miestelis,A7-02-1-250120-ba-1220
Autobusai,7,23418741156,8008,25227096,25.227096,54707282,54.707282,22,272,716,-56,44495,KWZ,A>B,Lazdynai,A7-05-1-250120-ab-1200
Autobusai,7,23418761201,8028,25258346,25.258346,54711197,54.711197,3,56,721,-24,44499,KWZ,B>A,Šiaurės miestelis,A7-08-1-250120-ba-1200
Autobusai,7,23418771211,8023,25295263,25.295263,54718106,54.718106,23,194,731,-31,44498,KWZ,A>B,Lazdynai,A7-09-1-250120-ab-1210
Autobusai,7,23418781147,8027,25301950,25.30195,54720622,54.720622,0,156,707,64,44495,KWZ,B>A,Šiaurės miestelis,A7-10-1-250120-ba-1150
Autobusai,43,23418791123,8029,25213433,25.213433,54709484,54.709484,0,12,683,0,44492,KWZ,B>A,Justiniškės,A43-01-1-250120-ab-1220
Autobusai,43,23418802016,8005,25254658,25.254658,54634033,54.634033,0,358,1216,,43177,KWZ,X>D,AP2(Transrevis),A43-04-1-250120-xd-2020
Autobusai,43,23418811205,8018,25252012,25.252012,54709882,54.709882,0,330,725,129,44496,KWZ,B>A,Justiniškės,A43-03-1-250120-ba-1210
Autobusai,12,23448081217,4026,25297107,25.297107,54667494,54.667494,0,154,737,-33,44493,KZ,A>B,Skaidiškės,A12-01-1-250120-ab-1220
Autobusai,12,23448091140,4186,25385989,25.385989,54609256,54.609256,9,180,700,29,44491,KWNZD,A>B,Skaidiškės,A12-02-1-250120-ba-1220
Autobusai,12,23448101158,4188,25302897,25.302897,54650719,54.650719,18,344,718,-37,44494,KWNZD,B>A,Stotis,A12-03-1-250120-ba-1200
Autobusai,16,23448111156,4197,25290657,25.290657,54671880,54.67188,18,318,716,0,44500,KWNZD,B>A,Stotis,A16-02-1-250120-ab-1230
Autobusai,16,23448121208,4177,25338855,25.338855,54644335,54.644335,0,114,728,-13,44492,KWNZD,A>B,Skaidiškės,A16-01-1-250120-ab-1210
Autobusai,16,23448131219,4647,25383693,25.383693,54606573,54.606573,0,36,739,45,44490,Z,B>A,Stotis,A16-03-1-250120-ba-1220
Autobusai,59,23455261207,769,25160945,25.160945,54659150,54.65915,7,54,727,0,44498,KZ,A>B,Žvėrynas,A59-01-1-250120-ab-1210
Autobusai,59,23455271221,3102,25246222,25.246222,54698603,54.698603,6,10,741,7,44496,KWZ,B>A,Grigiškės,A59-03-1-250120-ba-1220
Autobusai,59,23455281155,3114,25135261,25.135261,54660495,54.660495,79,300,715,32,44493,KWZ,B>A,Grigiškės,A59-05-1-250120-ba-1200
Autobusai,59,23455291006,3111,25215774,25.215774,54703794,54.703794,0,322,606,0,44485,KWZ,B>D,2-asis troleibusų parkas (Justiniškių g.),A59-04-1-250120-db-1620
Autobusai,50,23455741159,953,25286827,25.286827,54716860,54.71686,33,0,719,9,44494,Z,A>B,Bajorai,A50-03-1-250120-ab-1200
Autobusai,50,23455751158,4136,25283948,25.283948,54704211,54.704211,0,186,718,-41,44498,KWZ,B>A,Antakalnis,A50-06-1-250120-ba-1200
Autobusai,50,23455761057,757,25318315,25.318315,54722582,54.722582,0,160,657,0,43255,Z,A>A1,Antakalnio žiedas(pietūs),A50-04-1-250120-aa1-1100
Autobusai,50,23455771135,942,25318381,25.318381,54722393,54.722393,0,176,695,0,44497,Z,B>A,Antakalnis,A50-05-1-250120-ab-1220
Autobusai,50,23455781134,4512,25256933,25.256933,54757643,54.757643,0,114,694,24,44493,KWZ,A>B,Bajorai,A50-01-1-250120-ba-1220
Autobusai,117,23455801220,586,25173987,25.173987,54703704,54.703704,34,30,740,68,44493,KWNZ,A>B,Platiniškės,A117-02-1-250120-ab-1220
Autobusai,117,23455811214,585,25166504,25.166504,54698941,54.698941,0,284,734,7,44498,KWNZ,B>A,Pilaitė,A117-01-1-250120-ba-1210
Autobusai,123,23455941202,584,25260763,25.260763,54692609,54.692609,48,20,722,99,44497,KWNZ,A>B,Centras (Lukiškių g.),A123-01-1-250120-ab-1200
Autobusai,123,23455951232,579,25203355,25.203355,54638602,54.638602,16,64,752,0,44498,KWNZ,A>B,Centras (Lukiškių g.),A123-02-1-250120-ab-1230
Autobusai,125,23455961150,573,25243199,25.243199,54731863,54.731863,31,48,710,0,44496,KWNZ,B>A,Fabijoniškės,A125-01-1-250120-ab-1230
Autobusai,125,23455971150,578,25272071,25.272071,54757744,54.757744,0,360,710,-65,44499,KWNZ,A>B,Visoriai,A125-02-1-250120-ab-1150
Autobusai,4G,23510971136,8011,25340933,25.340933,54724248,54.724248,0,54,696,0,44497,KWZ,A>B,Saulėtekis,A4G-02-1-250120-ba-1230
Autobusai,4G,23510981147,8017,25310940,25.31094,54705541,54.705541,0,8,707,124,44496,KWZ,A>B,Saulėtekis,A4G-03-1-250120-ab-1150
Autobusai,4G,23510991211,8050,25314885,25.314885,54711915,54.711915,33,192,731,98,44497,KWZ,B>A,Pilaitė,A4G-17-1-250120-ba-1210
Autobusai,4G,23511031022,8036,25173008,25.173008,54703376,54.703376,0,124,622,0,43670,KWZ,B>A,Pilaitė,A4G-12-1-250120-b1a-1550
Autobusai,4G,23511061130,8044,25172561,25.172561,54703271,54.703271,0,106,690,0,44498,KWZ,B>A,Pilaitė,A4G-06-1-250120-ab-1230
Autobusai,4G,23511081032,8009,25172914,25.172914,54703429,54.703429,0,116,632,0,44329,KWZ,B>A,Pilaitė,A4G-19-1-250120-b1a-1630
Autobusai,4G,23511091025,8010,25172763,25.172763,54703449,54.703449,0,130,625,7042,44482,KWZ,A>B,Saulėtekis,A4G-20-1-250120-ab-1030
Autobusai,4G,23510901124,8001,25341042,25.341042,54724739,54.724739,0,208,684,33,44493,KWZ,A>B,Saulėtekis,A4G-01-1-250120-ba-1220
Autobusai,4G,23510941158,8048,25298636,25.298636,54695689,54.695689,32,76,718,-204,44493,KWZ,A>B,Saulėtekis,A4G-13-1-250120-ab-1200
Autobusai,4G,23510951200,8004,25282349,25.282349,54694737,54.694737,0,286,720,64,44497,KWZ,B>A,Pilaitė,A4G-16-1-250120-ba-1200
Autobusai,4G,23510961208,8032,25220621,25.220621,54699057,54.699057,13,90,728,105,44497,KWZ,A>B,Saulėtekis,A4G-04-1-250120-ab-1210
Autobusai,4G,23511001150,8049,25227364,25.227364,54699909,54.699909,45,260,710,81,44500,KWZ,B>A,Pilaitė,A4G-15-1-250120-ba-1150
Autobusai,4G,23511041140,8045,25192073,25.192073,54707818,54.707818,54,298,700,263,44498,KWZ,B>A,Pilaitė,A4G-14-1-250120-ba-1140
Autobusai,4G,23511051218,8013,25175018,25.175018,54707087,54.707087,0,2,738,49,44500,KWZ,A>B,Saulėtekis,A4G-05-1-250120-ab-1220
Autobusai,119,23557001159,583,25312292,25.312292,54704869,54.704869,21,290,719,45,44490,KWNZ,B>A,Šiaurės miestelis,A119-01-1-250201-ba-1200
Autobusai,119,23557011213,575,25390642,25.390642,54707345,54.707345,40,280,733,47,44497,KWNZ,B>A,Šiaurės miestelis,A119-02-1-250201-ba-1210
Autobusai,119,23557021158,562,25418952,25.418952,54714788,54.714788,3,40,718,-88,44499,KWNZ,A>B,Egliškės,A119-03-1-250201-ab-1200
Autobusai,119,23557031145,566,25301093,25.301093,54710830,54.71083,0,86,705,0,44493,KWNZ,B>A,Šiaurės miestelis,A119-04-1-250201-ab-1230
Autobusai,119,23557041212,582,25324083,25.324083,54702426,54.702426,10,120,732,38,44499,KWNZ,A>B,Egliškės,A119-05-1-250201-ab-1210
Autobusai,33,23592161204,4529,25286147,25.286147,54686061,54.686061,20,200,724,-72,44488,KWZ,A>B,Guriai,A33-01-1-250210-ab-1200
Autobusai,33,23592171148,4504,25327150,25.32715,54666266,54.666266,42,100,708,68,44496,KWZ,A>B,Guriai,A33-03-1-250210-ab-1150
Autobusai,33,23592191145,4543,25286897,25.286897,54702002,54.702002,24,22,705,121,44494,KWNZ,B1>A1,Šiaurės miestelis,A33-04-1-250210-b1a1-1150
Autobusai,33,23592201219,4546,25302479,25.302479,54710701,54.710701,5,82,739,146,44493,KWNZ,A1>B1,Guriai,A33-05-1-250210-a1b1-1220
Autobusai,33,23592211203,4549,25309231,25.309231,54676596,54.676596,3,286,723,-61,44496,KZ,B1>A1,Šiaurės miestelis,A33-06-1-250210-b1a1-1200
Autobusai,33,23592231132,4544,25364394,25.364394,54658912,54.658912,0,62,692,78,44493,KWNZ,A1>B1,Guriai,A33-08-1-250210-b1a1-1220
Autobusai,66,23670661200,4138,25307954,25.307954,54762076,54.762076,40,62,720,30,44495,KWZ,A>B,Skirgiškės,A66-01-1-250222-ab-1200
Autobusai,66,23670671143,3033,25283903,25.283903,54704340,54.70434,0,184,703,0,44500,KZ,B>A,Žalgirio g.,A66-03-1-250222-ab-1240
Autobusai,76,23670721213,4527,25285348,25.285348,54751029,54.751029,21,50,733,106,44499,KWZ,A>B,Bireliai,A76-01-1-250222-ab-1210
Autobusai,76,23670731200,4525,25340883,25.340883,54778873,54.778873,17,228,720,-51,44498,KWZ,B>A,Ateities st.,A76-02-1-250222-ba-1200
Autobusai,76,23670741140,964,25266666,25.266666,54736150,54.73615,0,320,700,0,44498,Z,B>A,Ateities st.,A76-03-1-250222-ab-1230
Autobusai,76,23670751220,4531,25321191,25.321191,54821436,54.821436,19,256,740,21,44499,KWZ,B>A,Ateities st.,A76-04-1-250222-ba-1220
Autobusai,76,23670761156,966,25351086,25.351086,54784898,54.784898,0,292,716,98,44494,Z,A>B,Bireliai,A76-05-1-250222-ab-1200
Autobusai,120,23728941212,558,25340634,25.340634,54778682,54.778682,0,216,732,26,44499,KWNZ,B>A,Visoriai,A120-01-1-250303-ba-1210
Autobusai,120,23728951215,555,25280519,25.280519,54755216,54.755216,34,186,735,74,44499,KWNZ,A>B,Kryžiokai,A120-03-1-250303-ab-1220
Autobusai,2,23970991208,4532,25282043,25.282043,54652874,54.652874,0,96,728,-34,44496,KWZ,A>B,Oro uostas,A2-01-1-250414-ab-1210
Autobusai,4,23971001204,4124,25272008,25.272008,54650178,54.650178,48,168,724,257,44499,KWZ,A>B,Kirtimai,A4-01-1-250414-ab-1200
Autobusai,8,23971021222,4116,25206945,25.206945,54644779,54.644779,0,238,742,0,44500,KWZ,A>B,Vaidotai,A8-02-1-250414-ab-1220
Autobusai,8,23971031220,4122,25184687,25.184687,54602350,54.60235,32,56,740,-1,44493,KWZ,B>A,Žemieji Paneriai,A8-01-1-250414-ba-1220
Autobusai,17,23971041207,4128,25377681,25.377681,54766503,54.766503,55,206,727,75,44497,KWZ,B>A,Antakalnis,A17-01-1-250414-ba-1210
Autobusai,17,23971051216,4115,25325395,25.325395,54726351,54.726351,10,44,736,81,44497,KWZ,A>B,Antaviliai,A17-02-1-250414-ab-1220
Autobusai,39,23971061201,978,25412549,25.412549,54786481,54.786481,67,56,721,20,44496,Z,A>B,Balžio g.,A39-01-1-250414-ab-1200
Autobusai,39,23971071159,3030,25318347,25.318347,54722402,54.722402,0,182,719,0,44491,KZ,B>A,Antakalnis,A39-02-1-250414-ab-1230
Autobusai,58,23971081200,958,25315153,25.315153,54650364,54.650364,58,114,720,318,44493,Z,A>B,Grigaičiai,A58-01-1-250414-ab-1200
Autobusai,58,23971091148,940,25284644,25.284644,54668142,54.668142,16,72,708,62,44499,Z,B>A,Stotis,A58-02-1-250414-ba-1150
Autobusai,89,23971111157,4550,25302329,25.302329,54677252,54.677252,0,278,717,358,44494,KWNZ,B>A,Nepriklausomybės aikštė,A89-02-1-250414-ba-1200
Troleibusai,1,23978821221,2784,25284387,25.284387,54671083,54.671083,14,262,741,9,44495,KWNZ,B>A,Karoliniškės,T1-04-1-250414-ba-1220
Troleibusai,1,23978831216,2777,25215157,25.215157,54693412,54.693412,0,34,736,34,44498,KWNZ,A>B,Stotis,T1-02-1-250414-ab-1220
Troleibusai,1,23978841154,2686,25216522,25.216522,54694074,54.694074,12,302,714,-79,44497,Z,B>A,Karoliniškės,T1-01-1-250414-ba-1150
Troleibusai,3,23978851139,2774,25304477,25.304477,54704920,54.70492,0,4,699,172,44489,KWNZ,A>B,Šiaurės miestelis,T3-01-1-250414-ab-1140
Troleibusai,3,23978861204,2771,25249976,25.249976,54696563,54.696563,31,174,724,178,44496,KWNZ,A>B,Šiaurės miestelis,T3-03-1-250414-ab-1200
Troleibusai,3,23978881204,2786,25279726,25.279726,54688666,54.688666,0,190,724,-21,44494,KWNZ,B>A,Karoliniškės,T3-02-1-250414-ba-1200
Troleibusai,3,23978901135,2794,25209096,25.209096,54689365,54.689365,0,220,695,257,44494,KWNZ,B>A,Karoliniškės,T3-06-1-250414-ba-1140
Troleibusai,7,23978911146,2789,25282955,25.282955,54672469,54.672469,7,204,706,0,44499,KWNZ,A>B,Stotis,T7-08-1-250414-ba-1230
Troleibusai,7,23978931155,2708,25223636,25.223636,54701053,54.701053,24,8,715,4,44493,KZ,B>A,Pašilaičiai,T7-03-1-250414-ba-1200
Troleibusai,7,23978951153,2712,25274844,25.274844,54685805,54.685805,27,136,713,-14,44499,KZ,A>B,Stotis,T7-10-1-250414-ab-1150
Troleibusai,7,23978971210,2688,25266720,25.26672,54687671,54.687671,5,286,730,-105,44496,KZ,B>A,Pašilaičiai,T7-01-1-250414-ba-1210
Troleibusai,7,23978981203,2772,25248630,25.24863,54698346,54.698346,0,288,723,-107,44498,KWNZ,B>A,Pašilaičiai,T7-05-1-250414-ba-1200
Troleibusai,7,23978991218,2806,25284733,25.284733,54674702,54.674702,4,322,738,4,44498,KWNZ,B>A,Pašilaičiai,T7-07-1-250414-ba-1220
Troleibusai,7,23979001200,2670,25250230,25.25023,54695591,54.695591,34,174,720,63,44492,,A>B,Stotis,T7-11-1-250414-ab-1200
Troleibusai,7,23979011207,2770,25223597,25.223597,54702083,54.702083,30,196,727,84,44495,KWNZ,A>B,Stotis,T7-13-1-250414-ab-1210
Troleibusai,7,23979021222,1119,25219801,25.219801,54734439,54.734439,11,156,742,0,44501,,A>B,Stotis,T7-04-1-250414-ab-1220
Troleibusai,7,23979031214,2801,25217452,25.217452,54711971,54.711971,0,184,734,-23,44493,KWNZ,A>B,Stotis,T7-14-1-250414-ab-1210
Troleibusai,7,23979041138,2690,25219025,25.219025,54734750,54.73475,0,84,698,0,44494,KZ,B>A,Pašilaičiai,T7-16-1-250414-ab-1230
Troleibusai,7,23979051147,2775,25222925,25.222925,54720757,54.720757,2,356,707,-75,44493,KWNZ,B>A,Pašilaičiai,T7-18-1-250414-ba-1150
Autobusai,22,23979601215,781,25264907,25.264907,54682623,54.682623,0,178,735,120,44499,KZ,B>A,Lazdynai,A22-01-1-250414-ba-1220
Autobusai,22,23979611219,3122,25216101,25.216101,54677725,54.677725,17,282,739,63,44498,KWZ,A>B,Centras,A22-02-1-250414-ab-1220
Autobusai,22,23979621203,4528,25255742,25.255742,54677650,54.67765,0,48,723,44,44496,KWZ,A>B,Centras,A22-03-1-250414-ab-1200
Autobusai,6G,23981431216,4642,25411291,25.411291,54690785,54.690785,8,4,736,26,44496,Z,A>B,Žaliasis tiltas,A6G-07-1-250414-ab-1220
Autobusai,6G,23981451159,4154,25416261,25.416261,54687112,54.687112,36,138,719,-34,44500,KWZD,B>A,Parko g.,A6G-09-1-250414-ba-1200
Autobusai,6G,23981461210,4643,25309215,25.309215,54684795,54.684795,0,128,730,147,44488,Z,B>A,Parko g.,A6G-10-1-250414-ba-1210
Autobusai,6G,23981471147,4189,25430974,25.430974,54685547,54.685547,0,326,707,0,44491,KWNZD,B>A,Parko g.,A6G-01-1-250414-ab-1230
Autobusai,6G,23981481154,3015,25280283,25.280283,54690878,54.690878,2,274,714,76,44497,KZ,A>B,Žaliasis tiltas,A6G-03-1-250414-ba-1220
Autobusai,6G,23981501205,4157,25313221,25.313221,54683075,54.683075,41,310,725,27,44494,KWZD,A>B,Žaliasis tiltas,A6G-05-1-250414-ab-1210
Autobusai,25,23981531217,4121,25159968,25.159968,54608174,54.608174,0,324,737,-105,44499,KWZ,B>A,Žemieji Paneriai,A25-02-1-250414-ba-1220
Autobusai,25,23981541202,4117,25160664,25.160664,54607165,54.607165,33,142,722,68,44489,KWZ,A>B,Vaidotai,A25-01-1-250414-ab-1200
Autobusai,21,23981561147,3119,25191861,25.191861,54662495,54.662495,0,212,707,0,44496,KWZ,B>A,Lazdynėliai,A21-01-1-250423-ab-1230
Autobusai,21,23981571215,766,25269999,25.269999,54681608,54.681608,0,296,735,20,44496,KZ,B>A,Lazdynėliai,A21-02-1-250423-ba-1220
Autobusai,21,23981581210,717,25215776,25.215776,54681647,54.681647,36,114,730,31,44498,KZ,A>B,Centras,A21-03-1-250423-ab-1210
Autobusai,34,23988091159,961,25285274,25.285274,54703765,54.703765,13,274,719,50,44499,Z,A>B,Visoriai,A34-01-1-250425-ab-1200
Autobusai,34,23988101140,987,25311751,25.311751,54683602,54.683602,14,138,700,155,44498,Z,B>A,Stotis,A34-03-1-250425-ba-1140
Autobusai,34,23988111218,4114,25269896,25.269896,54753987,54.753987,37,212,738,36,44497,KWZ,B>A,Stotis,A34-04-1-250425-ba-1220
Autobusai,68,24024181146,3105,25201222,25.201222,54673787,54.673787,0,44,706,-33,44498,KWZ,B>A,Lazdynai,A68-01-1-250418-ba-1150
Autobusai,68,24024191205,796,25122060,25.12206,54647818,54.647818,30,286,725,-4,44498,KZ,A>B,Grigiškės,A68-02-1-250418-ab-1210
Autobusai,68,24024200850,3124,25202211,25.202211,54761191,54.761191,62,332,530,0,44497,KWZ,A>D,2-asis troleibusų parkas (Justiniškių g.),A68-03-1-250418-da-1510
Autobusai,68,24024211204,3118,25087939,25.087939,54643485,54.643485,49,94,724,34,44496,KWZ,B>A,Lazdynai,A68-04-1-250418-ba-1200
Autobusai,68,24024221138,3116,25082167,25.082167,54673498,54.673498,0,144,698,0,44489,KWZ,A>B,Grigiškės,A68-05-1-250418-ba-1230
Autobusai,57,24044961215,7021,25259980,25.25998,54735382,54.735382,21,58,735,67,44497,KWZ,A>B,Bukiškis,A57-01-1-250422-ab-1220
Autobusai,57,24044971151,7015,25240995,25.240995,54739781,54.739781,21,334,711,0,44497,KWZ,B>A,Fabijoniškės,A57-02-1-250422-ab-1240
Autobusai,57,24044981220,7042,25203448,25.203448,54762617,54.762617,40,6,740,40,44495,KWZ,B>A,Fabijoniškės,A57-03-1-250422-ba-1220
Autobusai,69,24077131114,4520,25221549,25.221549,54666845,54.666845,0,104,674,0,44494,KWZ,A>B,Šiltnamių g.,A69-04-1-250425-b1a1-1220
Autobusai,69,24077141156,973,25266470,25.26647,54698363,54.698363,0,100,716,-23,44492,Z,B>A,Bajorai,A69-01-1-250425-ba-1200
Autobusai,69,24077161141,944,25271632,25.271632,54698035,54.698035,0,200,701,327,44497,Z,A>B,Šiltnamių g.,A69-03-1-250425-ab-1140
Autobusai,69,24077171201,722,25285214,25.285214,54721357,54.721357,17,136,721,-23,44496,Z,A>B,Šiltnamių g.,A69-05-1-250425-ab-1200
Autobusai,69,24077181105,4523,25256714,25.256714,54757696,54.757696,0,124,665,0,44494,KWZ,B1>A1,Bajorai,A69-06-1-250425-ab-1220
Autobusai,49,24077201218,4505,25212389,25.212389,54661511,54.661511,41,16,738,-10,44488,KWZ,B>A,Ateities g.,A49-01-1-250425-ba-1220
Autobusai,49,24077211122,4524,25266451,25.266451,54736233,54.736233,0,324,682,0,44491,KWZ,B>A,Ateities g.,A49-05-1-250425-ab-1230
Autobusai,49,24077231141,4502,25212350,25.21235,54677769,54.677769,0,254,701,12,44495,KWZ,A>B,Bukčiai,A49-02-1-250425-ab-1140
Autobusai,49,24077241207,4509,25283831,25.283831,54704363,54.704363,18,190,727,68,44499,KWZ,A>B,Bukčiai,A49-04-1-250425-ab-1210
Autobusai,49,24077261145,4519,25279075,25.279075,54703998,54.703998,16,98,705,-24,44497,KWZ,B>A,Ateities g.,A49-07-1-250425-ba-1150
Autobusai,1G,24078061212,4195,25278752,25.278752,54733796,54.733796,38,172,732,63,44499,KWNZD,B>A,Stotis,A1G-11-1-250425-ba-1210
Autobusai,1G,24078071016,4193,25295071,25.295071,54719685,54.719685,0,32,616,,44499,KWNZD,B1>D,Autobusų parkas (Verkių g.),A1G-04-1-250425-b1d-1020
Autobusai,1G,24078081205,4163,25286661,25.286661,54714702,54.714702,18,178,725,94,44495,KWZD,B>A,Stotis,A1G-09-1-250425-ba-1210
Autobusai,1G,24078111219,4649,25280008,25.280008,54752612,54.752612,3,186,739,-7,44491,Z,B>A,Stotis,A1G-13-1-250425-ba-1220
Autobusai,1G,24078121149,4156,25276769,25.276769,54739906,54.739906,15,352,709,-14,44497,KWZD,A>B,Santariškės,A1G-14-1-250425-ab-1150
Autobusai,1G,24078141140,4159,25280795,25.280795,54755798,54.755798,33,8,700,297,44499,KWZD,A>B,Santariškės,A1G-15-1-250425-ab-1140
Autobusai,1G,24078160948,4644,25294258,25.294258,54720941,54.720941,0,78,588,,44498,Z,B1>D,Autobusų parkas (Verkių g.),A1G-02-1-250425-b1d-0950
Autobusai,1G,24078171157,4176,25285496,25.285496,54707938,54.707938,8,4,717,87,44499,KWNZD,A>B,Santariškės,A1G-01-1-250425-ab-1200
Autobusai,1G,24078181212,4187,25277383,25.277383,54682348,54.682348,3,4,732,71,44491,KWNZD,A>B,Santariškės,A1G-05-1-250425-ab-1210
Autobusai,1G,24078191219,4641,25282886,25.282886,54671915,54.671915,14,330,739,28,44496,Z,A>B,Santariškės,A1G-08-1-250425-ab-1220
Autobusai,1G,24078201144,4196,25282651,25.282651,54672259,54.672259,0,208,704,0,44499,KWNZD,B>A,Stotis,A1G-07-1-250425-ab-1230
Autobusai,1G,24078211158,4198,25281922,25.281922,54696990,54.69699,15,192,718,11,44500,KWNZD,B>A,Stotis,A1G-03-1-250425-ba-1200
Autobusai,1G,24078231205,4166,25281740,25.28174,54695643,54.695643,32,354,725,77,44491,KWZD,A>B,Santariškės,A1G-18-1-250425-ab-1210
Autobusai,1G,24078241151,4171,25277252,25.277252,54684710,54.68471,5,48,711,-107,44499,KWZD,B>A,Stotis,A1G-19-1-250425-ba-1150
Autobusai,53,24078251137,4596,25245980,25.24598,54735560,54.73556,16,288,697,-1,44499,KWNZD,B>A,Fabijoniškės,A53-01-1-250425-ab-1240
Autobusai,53,24078271146,4582,25257344,25.257344,54711473,54.711473,20,340,706,26,44493,KWNZD,B>A,Fabijoniškės,A53-03-1-250425-ba-1150
Autobusai,53,24078291205,4581,25280926,25.280926,54693162,54.693162,0,26,725,108,44495,KWNZD,B>A,Fabijoniškės,A53-05-1-250425-ba-1210
Autobusai,53,24078300538,709,25294475,25.294475,54720037,54.720037,0,186,338,,44499,Z,D>A,Fabijoniškės,A53-10-1-250425-da-0540
Autobusai,53,24078301218,4648,25253725,25.253725,54733129,54.733129,0,156,738,-7,44495,Z,A>B,Stotis,A53-10-1-250425-ab-1220
Autobusai,53,24078311223,4562,25283285,25.283285,54670752,54.670752,13,226,743,0,44499,KWZD,B>A,Fabijoniškės,A53-07-1-250425-ba-1220
Autobusai,53,24078321143,4656,25283727,25.283727,54674895,54.674895,11,208,703,-63,44500,Z,A>B,Stotis,A53-08-1-250425-ab-1140
Autobusai,53,24078331211,4575,25256712,25.256712,54714253,54.714253,0,198,731,-1,44496,WZD,A>B,Stotis,A53-12-1-250425-ab-1210
Autobusai,53,24078341213,4601,25278240,25.27824,54685136,54.685136,0,202,733,-104,44496,KWNZD,B>A,Fabijoniškės,A53-06-1-250425-ba-1210
Autobusai,53,24078351127,4589,25241453,25.241453,54739922,54.739922,0,154,687,0,44498,KWNZD,B>A,Fabijoniškės,A53-11-1-250425-ab-1230
Autobusai,53,24078361150,4554,25279807,25.279807,54688124,54.688124,0,186,710,-45,44494,KWZD,A>B,Stotis,A53-09-1-250425-ab-1150
Autobusai,53,24078371157,4551,25281855,25.281855,54697209,54.697209,12,184,717,-22,44494,KWZD,A>B,Stotis,A53-13-1-250425-ab-1200
Autobusai,53,24078381155,4579,25284023,25.284023,54704458,54.704458,23,358,715,255,44499,KWNZD,B>A,Fabijoniškės,A53-14-1-250425-ba-1200
Autobusai,53,24078391204,4566,25285048,25.285048,54714840,54.71484,0,76,724,76,44497,KWZD,A>B,Stotis,A53-15-1-250425-ab-1200
Autobusai,53,24078401132,771,25244219,25.244219,54731259,54.731259,0,144,692,0,44493,KZ,X>D,Kaimelio st.,A53-16-1-250425-xa-1650
Autobusai,2G,24078731201,4151,25208210,25.20821,54681238,54.681238,41,310,721,-48,44497,KZ,B>A,Santariškės,A2G-16-1-250425-ba-1200
Autobusai,2G,24078741143,4584,25239639,25.239639,54669452,54.669452,28,8,703,86,44493,KWNZD,A>B,Stotis,A2G-15-1-250425-ab-1140
Autobusai,2G,24078751117,4591,25281259,25.281259,54756436,54.756436,0,4,677,0,44491,KWNZD,B>A,Santariškės,A2G-17-1-250425-ab-1230
Autobusai,2G,24078791132,4179,25276581,25.276581,54740186,54.740186,29,348,692,108,44489,KWNZD,B>A,Santariškės,A2G-03-1-250425-ba-1130
Autobusai,2G,24078811149,4183,25226785,25.226785,54706991,54.706991,0,6,709,197,44495,KWNZD,B>A,Santariškės,A2G-05-1-250425-ba-1150
Autobusai,2G,24078821212,4192,25257766,25.257766,54735133,54.735133,0,248,732,-88,44494,KWNZD,A>B,Stotis,A2G-01-1-250425-ab-1210
Autobusai,2G,24078831139,4191,25259733,25.259733,54735305,54.735305,9,74,699,-12,44496,KWNZD,B>A,Santariškės,A2G-07-1-250425-ba-1140
Autobusai,2G,24078851214,4167,25268539,25.268539,54671723,54.671723,0,254,734,27,44500,KWZD,B>A,Santariškės,A2G-11-1-250425-ba-1210
Autobusai,2G,24078861153,4168,25216275,25.216275,54692373,54.692373,0,214,713,-13,44499,KWZD,A1>B,Stotis,A2G-10-1-250425-a1b-1150
Autobusai,2G,24078871127,4637,25283461,25.283461,54671046,54.671046,0,150,687,76,44493,Z,A>B,Stotis,A2G-13-1-250425-ba-1220
Autobusai,2G,24078881107,741,25292940,25.29294,54721037,54.721037,0,86,667,3484,44297,KZ,A>D1,Autobusų parkas (Verkių g.),A2G-12-1-250425-ad1-1110
Autobusai,2G,24078891221,4563,25280173,25.280173,54753322,54.753322,28,186,741,-5,44496,KWZD,A1>B,Stotis,A2G-14-1-250425-a1b-1220
Autobusai,2G,24078901136,4169,25271576,25.271576,54672237,54.672237,2,76,696,0,44489,KWZD,A1>B,Stotis,A2G-18-1-250425-ba-1230
Autobusai,2G,24078911201,4174,25229724,25.229724,54714590,54.71459,37,200,721,-12,44498,KWZD,A>B,Stotis,A2G-19-1-250425-ab-1200
Autobusai,2G,24078921126,4194,25281142,25.281142,54756453,54.756453,0,6,686,0,44499,KWNZD,B>A,Santariškės,A2G-20-1-250425-ab-1240
Autobusai,9,24079451154,4548,25274026,25.274026,54662551,54.662551,0,18,714,0,44498,KWNZ,B1>B2,Naujininkai,A9-01-1-250425-b2a1-1230
Autobusai,9,24079461202,4545,25249674,25.249674,54605861,54.605861,30,102,722,-34,44492,KWNZ,A1>B1,Salininkai,A9-02-1-250425-a1b1-1200
Autobusai,10,24079471153,4110,25286890,25.28689,54713083,54.713083,3,8,713,-31,44497,KWZ,B>A,Fabijoniškės,A10-05-1-250425-ba-1150
Autobusai,10,24079481136,729,25313658,25.313658,54674738,54.674738,19,92,696,134,44498,KZ,A>B,Markučiai,A10-04-1-250425-ab-1140
Autobusai,10,24079491201,4109,25285581,25.285581,54709121,54.709121,0,190,721,66,44493,KWZ,A>B,Markučiai,A10-03-1-250425-ab-1200
Autobusai,10,24079501146,939,25286216,25.286216,54686372,54.686372,13,202,706,33,44498,Z,A>B,Markučiai,A10-01-1-250425-ab-1150
Autobusai,10,24079521207,3039,25287321,25.287321,54687406,54.687406,0,32,727,85,44500,KZ,B>A,Fabijoniškės,A10-07-1-250425-ba-1210
Autobusai,10,24079541217,756,25256130,25.25613,54734480,54.73448,30,60,737,-17,44487,Z,A>B,Markučiai,A10-06-1-250425-ab-1220
Autobusai,10,24079551221,4113,25318918,25.318918,54674823,54.674823,8,300,741,-28,44492,KWZ,B>A,Fabijoniškės,A10-09-1-250425-ba-1220
Autobusai,10,24079561137,4111,25243970,25.24397,54731517,54.731517,0,326,697,0,44492,KWZ,B>A,Fabijoniškės,A10-10-1-250425-ab-1230
Autobusai,37,24079571201,956,25282029,25.282029,54697225,54.697225,28,6,721,31,44499,Z,B>A,Kalvarijų g.,A37-01-1-250425-ba-1200
Autobusai,27,24079581151,4106,25281984,25.281984,54697070,54.69707,24,8,711,-73,44496,KWZ,B>A,Kalvarijų g.,A27-02-1-250425-ba-1150
Autobusai,27,24079591203,967,25369229,25.369229,54695602,54.695602,19,48,723,16,44495,Z,A>B,Arimų g.,A27-01-1-250425-ab-1200
Autobusai,63,24079631202,773,25150285,25.150285,54712082,54.712082,12,116,722,753,44488,KZ,B>A,Žvėrynas,A63-01-1-250425-ba-1200
Autobusai,63,24079641202,4533,25131918,25.131918,54716107,54.716107,4,298,722,101,44499,KWZ,A>B,Karveliškės,A63-02-1-250425-ab-1200
Autobusai,30,24079671212,3110,25211476,25.211476,54699655,54.699655,0,104,732,-57,44497,KWZ,A>B,Šiaurės miestelis,A30-01-1-250425-ab-1210
Autobusai,30,24079691201,3103,25255196,25.255196,54699300,54.6993,35,282,721,-67,44495,KWZ,B>A,Pilaitė,A30-04-1-250425-ba-1200
Autobusai,30,24079701142,784,25299831,25.299831,54711229,54.711229,27,84,702,-4,44498,KZ,A>B,Šiaurės miestelis,A30-05-1-250425-ba-1230
Autobusai,30,24079711144,4530,25174966,25.174966,54709615,54.709615,9,172,704,70,44492,KWZ,B>A,Pilaitė,A30-03-1-250425-ba-1140
Autobusai,30,24079720658,3104,25215561,25.215561,54703169,54.703169,34,90,418,,44498,KWZ,D>A,Pilaitė,A30-06-1-250425-da-0700
Troleibusai,6,24079751158,1851,25269025,25.269025,54681644,54.681644,0,112,718,85,44498,KWNZ,B>A,Žirmūnai,T6-04-1-250425-ba-1200
Troleibusai,6,24079761206,1859,25284938,25.284938,54707143,54.707143,19,192,726,133,44492,KWNZ,A>B,Žemieji Paneriai,T6-11-1-250425-ab-1210
Troleibusai,6,24079771142,1826,25255517,25.255517,54677695,54.677695,24,228,702,198,44496,KWNZ,A>B,Žemieji Paneriai,T6-06-1-250425-ab-1140
Troleibusai,6,24079781153,1852,25277265,25.277265,54682551,54.682551,30,186,713,14,44498,KWNZ,A>B,Žemieji Paneriai,T6-08-1-250425-ab-1150
Troleibusai,6,24079791218,1857,25210758,25.210758,54646515,54.646515,14,48,738,27,44499,KWNZ,B>A,Žirmūnai,T6-01-1-250425-ba-1220
Troleibusai,6,24079811220,1822,25298035,25.298035,54723904,54.723904,33,180,740,37,44494,KWNZ,A>B,Žemieji Paneriai,T6-12-1-250425-ab-1220
Troleibusai,6,24079841130,1843,25295537,25.295537,54718467,54.718467,2,16,690,128,44493,KWNZ,B>A,Žirmūnai,T6-14-1-250425-ba-1130
Troleibusai,6,24079851132,1845,25216618,25.216618,54650030,54.65003,39,226,692,69,44495,KWNZ,A>B,Žemieji Paneriai,T6-09-1-250425-ab-1130
Troleibusai,6,24079891144,1811,25283007,25.283007,54700173,54.700173,0,10,704,31,44498,KWNZ,B>A,Žirmūnai,T6-16-1-250425-ba-1140
Troleibusai,6,24079911208,1846,25241239,25.241239,54670099,54.670099,26,54,728,63,44498,KWNZ,B>A,Žirmūnai,T6-18-1-250425-ba-1210
Troleibusai,10,24080051216,1827,25321880,25.32188,54724259,54.724259,0,238,736,26,44493,KWNZ,A>B,Naujininkai,T10-04-1-250425-ab-1220
Troleibusai,10,24080071135,1860,25340216,25.340216,54724090,54.72409,27,66,695,0,44496,KWNZ,B>A,Saulėtekis,T10-07-1-250425-ab-1230
Troleibusai,10,24080081140,1831,25265688,25.265688,54680781,54.680781,0,158,700,-47,44499,KWNZ,A>B,Naujininkai,T10-01-1-250425-ab-1140
Troleibusai,10,24080101201,1829,25289332,25.289332,54715516,54.715516,0,242,721,132,44499,KWNZ,A>B,Naujininkai,T10-03-1-250425-ab-1200
Troleibusai,10,24080111217,1849,25270694,25.270694,54669123,54.669123,29,346,737,104,44497,KWNZ,B>A,Saulėtekis,T10-09-1-250425-ba-1220
Troleibusai,10,24080121201,1856,25281747,25.281747,54694741,54.694741,34,0,721,166,44493,KWNZ,B>A,Saulėtekis,T10-06-1-250425-ba-1200
Autobusai,55,24094361148,8030,25243674,25.243674,54730313,54.730313,35,82,708,216,44496,KWZ,A>B,Santariškės,A55-01-1-250425-ab-1150
Autobusai,55,24094371143,8033,25207351,25.207351,54680574,54.680574,26,122,703,-53,44497,KWZ,B>A,Lazdynai,A55-02-1-250425-ba-1140
Autobusai,55,24094381007,8026,25209194,25.209194,54668972,54.668972,0,280,607,0,43126,KWZ,B>A,Lazdynai,A55-03-1-250425-ab-1540
Autobusai,55,24094391213,8012,25276496,25.276496,54739513,54.739513,7,168,733,27,44497,KWZ,B>A,Lazdynai,A55-04-1-250425-ba-1210
Autobusai,55,24094401217,8042,25206461,25.206461,54672917,54.672917,28,100,737,20,44497,KWZ,A>B,Santariškės,A55-05-1-250425-ab-1220
Autobusai,65,24094451208,7073,25340479,25.340479,54778394,54.778394,28,54,728,-8,44492,,A>B,Pagubė,A65-02-1-250425-ab-1210
Autobusai,65,24094461208,7075,25355651,25.355651,54780549,54.780549,21,162,728,-22,44497,KWZ,B>A,Ožkiniai,A65-03-1-250425-ba-1210
Autobusai,26,24135771133,7056,25277305,25.277305,54715401,54.715401,0,178,693,0,44498,KWZ,B>A,Ozo g.,A26-01-1-250505-ab-1230
Autobusai,26,24135781208,7019,25269562,25.269562,54786289,54.786289,14,146,728,200,44496,KWZ,B>A,Ozo g.,A26-02-1-250505-ba-1210
Autobusai,28,24135811155,7041,25179309,25.179309,54642573,54.642573,66,126,715,0,44498,KWZ,B>A,Žemieji Paneriai,A28-01-1-250505-ab-1240
Autobusai,28,24135821156,7027,25076190,25.07619,54678110,54.67811,24,106,716,78,44499,KWZ,A>B,Valai,A28-02-1-250505-ab-1200
Autobusai,61,24135851158,7005,25342940,25.34294,54633480,54.63348,0,258,718,85,44491,KWZ,A>B,Kuprioniškės,A61-01-1-250505-ab-1200
Autobusai,61,24135861159,7003,25285244,25.285244,54671185,54.671185,0,244,719,0,44488,KWZ,B>A,Stotis,A61-02-1-250505-ab-1230
Autobusai,87,24152021147,981,25217675,25.217675,54808946,54.808946,41,250,707,281,44497,Z,A>B,Šeškinė,A87-03-1-250508-ab-1150
Autobusai,5,24086971147,4507,25283955,25.283955,54703747,54.703747,27,92,707,255,44495,KWZ,A>B,Šiaurės miestelis,A5-03-1-250508-ab-1150
Autobusai,5,24086981216,4511,25304413,25.304413,54706152,54.706152,0,186,736,128,44496,KWZ,B>A,Pašilaičiai,A5-02-1-250508-ba-1220
Autobusai,5,24086991153,4034,25231478,25.231478,54736608,54.736608,0,322,713,-103,44491,KZ,B>A,Pašilaičiai,A5-01-1-250508-ba-1150
Autobusai,5,24087011217,4102,25222858,25.222858,54742071,54.742071,0,42,737,-8,44498,KWZ,A>B,Šiaurės miestelis,A5-05-1-250508-ab-1220
Autobusai,52,24087211143,4516,25274684,25.274684,54691461,54.691461,22,290,703,0,44498,KWZ,B4>A,Centras,A52-02-1-250508-ab4-1240
Autobusai,52,24087221156,3113,25237233,25.237233,54731605,54.731605,22,330,716,263,44499,KWZ,A>B4,Tarandė,A52-01-1-250508-ab4-1200
Autobusai,52,24087231207,3125,25226552,25.226552,54739906,54.739906,0,140,727,21,44496,KWZ,B4>A,Centras,A52-03-1-250508-b4a-1210
Autobusai,52,24087241215,797,25280794,25.280794,54695001,54.695001,18,282,735,-16,44498,KZ,A>B4,Tarandė,A52-04-1-250508-ab4-1220
Autobusai,52,24087251140,3123,25181057,25.181057,54749309,54.749309,10,174,700,0,44500,KWZ,A>B4,Tarandė,A52-05-1-250508-b4a-1220
Autobusai,3G,24151591220,4571,25277704,25.277704,54643658,54.643658,18,168,740,43,44492,KWZD,B>A,Fabijoniškės,A3G-09-1-250508-ba-1220
Autobusai,3G,24151621142,4570,25238531,25.238531,54730285,54.730285,31,340,702,178,44493,KWZD,B>A,Fabijoniškės,A3G-13-1-250508-ba-1140
Autobusai,3G,24151631053,4552,25243611,25.243611,54731369,54.731369,0,80,653,0,43160,KWZD,A>C,Kaimelio st.,A3G-12-1-250508-ca-1600
Autobusai,3G,24151641144,4560,25269235,25.269235,54672038,54.672038,21,166,704,116,44496,KWZD,A>B,Oro uostas,A3G-14-1-250508-ab-1140
Autobusai,3G,24151651152,4651,25268752,25.268752,54689190,54.68919,3,196,712,164,44499,Z,A>B,Oro uostas,A3G-15-1-250508-ab-1150
Autobusai,3G,24151661208,4658,25256603,25.256603,54704724,54.704724,49,150,728,24,44494,Z,A>B,Oro uostas,A3G-16-1-250508-ab-1210
Autobusai,3G,24151671133,4593,25241002,25.241002,54740208,54.740208,0,154,693,0,44499,KWNZD,B>A,Fabijoniškės,A3G-17-1-250508-ab-1230
Autobusai,3G,24151681158,4599,25278688,25.278688,54690371,54.690371,17,134,718,103,44494,KZ,B>A,Fabijoniškės,A3G-18-1-250508-ba-1200
Autobusai,3G,24151690604,4650,25294763,25.294763,54720392,54.720392,3,170,364,,44497,Z,D>A,Fabijoniškės,A3G-19-1-250508-da-0600
Autobusai,3G,24151701200,4565,25263010,25.26301,54699624,54.699624,0,182,720,359,44491,KWZD,A>B,Oro uostas,A3G-20-1-250508-ab-1200
Autobusai,3G,24151711150,4569,25266069,25.266069,54698492,54.698492,21,274,710,177,44496,KWZD,B>A,Fabijoniškės,A3G-01-1-250508-ba-1150
Autobusai,3G,24151721126,4586,25241263,25.241263,54740015,54.740015,0,152,686,425,44498,KWNZD,B>A,Fabijoniškės,A3G-03-1-250508-ab-1220
Autobusai,3G,24151751205,4588,25265153,25.265153,54681943,54.681943,0,350,725,31,44496,KWNZD,B>A,Fabijoniškės,A3G-05-1-250508-ba-1210
Autobusai,3G,24151771212,4573,25269936,25.269936,54670911,54.670911,35,348,732,-99,44497,KWZD,B>A,Fabijoniškės,A3G-07-1-250508-ba-1210
Autobusai,3G,24151781136,4585,25273035,25.273035,54647582,54.647582,34,170,696,99,44498,KWNZD,A>B,Oro uostas,A3G-11-1-250508-ab-1140
Autobusai,24,24151801032,744,25243759,25.243759,54731241,54.731241,0,80,632,0,43558,KZ,A>C,Kaimelio st.,A24-04-1-250508-ca-1530
Autobusai,24,24151840650,4653,25292926,25.292926,54721038,54.721038,0,84,410,,44486,Z,D>A,Fabijoniškės,A24-07-1-250508-da-0650
Autobusai,40,24151871213,937,25247620,25.24762,54735076,54.735076,0,108,733,72,44498,Z,A>B,Centras,A40-03-1-250508-ab-1210
Autobusai,40,24151881002,936,25244099,25.244099,54731493,54.731493,0,336,602,0,44491,Z,A>A1,Kaimelio st.,A40-02-1-250508-a1a-1500
Autobusai,40,24151891201,933,25253108,25.253108,54733982,54.733982,22,326,721,281,44497,Z,B>A,Fabijoniškės,A40-05-1-250508-ba-1200
Autobusai,40,24151911151,4135,25271295,25.271295,54692330,54.69233,15,136,711,64,44494,KWZ,A>B,Centras,A40-01-1-250508-ab-1150
Autobusai,24,24151921204,4108,25255737,25.255737,54683953,54.683953,61,76,724,38,44496,KWZ,B>A,Fabijoniškės,A40-07-1-250508-ba-1200
Autobusai,24,24151931147,4134,25202539,25.202539,54644049,54.644049,0,272,707,0,44491,KWZ,A>B,Žemieji Paneriai,A40-08-1-250508-ba-1230
Autobusai,40,24151941058,986,25243884,25.243884,54731691,54.731691,0,322,658,0,43451,Z,A>A1,Kaimelio st.,A40-06-1-250508-a1a-1600
Autobusai,56,24151951132,4522,25241169,25.241169,54740341,54.740341,3,160,692,0,44500,KWZ,B>A,Fabijoniškės,A56-01-1-250508-ab-1230
Autobusai,24,24151961218,4514,25237621,25.237621,54732399,54.732399,31,148,738,16,44498,KWZ,A>B,Žemieji Paneriai,A56-02-1-250508-ab-1220
Autobusai,56,24151971159,4535,25278895,25.278895,54690370,54.69037,0,126,719,276,44498,KWZ,B>A,Fabijoniškės,A56-03-1-250508-ba-1200
Autobusai,56,24151981148,976,25268646,25.268646,54694165,54.694165,46,316,708,214,44493,Z,A>B,Vilkpėdė,A56-04-1-250508-ab-1150
Autobusai,87,24152001114,4526,25245211,25.245211,54717151,54.717151,0,262,674,0,44489,KWZ,A>B,Šeškinė,A87-01-1-250508-ba-1230
Autobusai,87,24152011147,4515,25236190,25.23619,54808486,54.808486,28,96,707,192,44493,KWZ,B>A,Ateities g.,A87-02-1-250508-ba-1150
Autobusai,87,24152031108,947,25266928,25.266928,54735958,54.735958,0,322,668,0,44494,Z,B>A,Ateities g.,A87-04-1-250508-ab-1230
Autobusai,87,24152041209,945,25227488,25.227488,54739512,54.739512,0,320,729,75,44494,Z,B>A,Ateities g.,A87-05-1-250508-ba-1210
Autobusai,87,24152051130,962,25219671,25.219671,54745310,54.74531,0,140,690,293,44489,Z,A>B,Šeškinė,A87-06-1-250508-ab-1130
Autobusai,87,24152061127,985,25276692,25.276692,54742311,54.742311,39,196,687,7,44495,Z,B>A,Ateities g.,A87-07-1-250508-ba-1130
Autobusai,87,24152071202,943,25272598,25.272598,54781386,54.781386,24,338,722,92,44497,Z,A>B,Šeškinė,A87-08-1-250508-ab-1200
Autobusai,87,24152081215,977,25276644,25.276644,54741366,54.741366,49,6,735,155,44497,Z,A>B,Šeškinė,A87-09-1-250508-ab-1220
